"Path","ExactProd","BaseProd","Tests","Artifacts","ProdSamples","BaseSamples"
"public/assets/css/article/article-frontend-2026.css","5","5","3","0","resources\views\manage_article\templates\preview.blade.php;resources\views\article\private.blade.php;resources\views\article\password-protected.blade.php","resources\views\article\private.blade.php;resources\views\article\password-protected.blade.php;resources\views\article\detail.blade.php"
"public/assets/css/article/article-template-manager-2026.css","1","1","2","0","resources\views\manage_article\templates\index.blade.php","resources\views\manage_article\templates\index.blade.php"
"public/assets/css/aruna-admin-v6.css","0","0","0","1","",""
"public/assets/css/aruna-admin-v7-phoenix-elegant.css","0","0","0","1","",""
"public/assets/css/aruna-admin-v7-simple-part-2.css","0","0","0","1","",""
"public/assets/css/aruna-admin-v7-simple.css","0","0","0","1","",""
"public/assets/css/aruna-admin-v7.css","0","0","0","1","",""
"public/assets/css/aruna-v3.css","0","0","0","1","",""
"public/assets/css/aruna-v4.css","1","1","0","1","resources\views\setup\setup.blade.php","resources\views\setup\setup.blade.php"
"public/assets/css/awesome-admin-header-navigation.css","1","1","1","0","resources\views\awesome_admin\header_navigation\awesome_admin_header_navigation.blade.php","resources\views\awesome_admin\header_navigation\awesome_admin_header_navigation.blade.php"
"public/assets/css/extending-css-bootstrap-5.css","8","8","0","0","resources\views\themes\default\cms\cms_layout.blade.php;resources\views\themes\calm_green\frontend\frontend_layout.blade.php;resources\views\themes\calm_green\cms\cms_layout.blade.php","resources\views\themes\default\cms\cms_layout.blade.php;resources\views\themes\calm_green\frontend\frontend_layout.blade.php;resources\views\themes\calm_green\cms\cms_layout.blade.php"
"public/assets/css/frontend_elementor_v23.css","2","2","9","10","resources\views\pagebuilder_elementor_v23\frontend_renderer.blade.php;resources\views\pagebuilder_elementor_v23\editor_shell.blade.php","resources\views\pagebuilder_elementor_v23\frontend_renderer.blade.php;resources\views\pagebuilder_elementor_v23\editor_shell.blade.php"
"public/assets/css/frontend_elementor_v24.css","2","2","5","12","resources\views\pagebuilder_elementor_v24\frontend_renderer.blade.php;resources\views\pagebuilder_elementor_v24\editor_shell.blade.php","resources\views\pagebuilder_elementor_v24\frontend_renderer.blade.php;resources\views\pagebuilder_elementor_v24\editor_shell.blade.php"
"public/assets/css/frontend_elementor.css","2","2","13","0","resources\views\pagebuilder_elementor\frontend_renderer.blade.php;resources\views\pagebuilder_elementor\editor_shell.blade.php","resources\views\pagebuilder_elementor\frontend_renderer.blade.php;resources\views\pagebuilder_elementor\editor_shell.blade.php"
"public/assets/css/frontend-menu-dropdown.css","7","7","0","0","resources\views\themes\default\frontend\frontend_layout.blade.php;resources\views\themes\calm_green\frontend\frontend_layout.blade.php;resources\views\themes\arunika_prism\frontend\frontend_layout.blade.php","resources\views\awesome_admin\menu\frontend\awesome_admin_parent_menu_fe.blade.php;resources\views\themes\default\frontend\frontend_layout.blade.php;resources\views\themes\calm_green\frontend\frontend_layout.blade.php"
"public/assets/css/pagebuilder_elementor_v23.css","1","1","15","10","resources\views\pagebuilder_elementor_v23\editor_shell.blade.php","resources\views\pagebuilder_elementor_v23\editor_shell.blade.php"
"public/assets/css/pagebuilder_elementor_v24.css","1","1","11","25","resources\views\pagebuilder_elementor_v24\editor_shell.blade.php","resources\views\pagebuilder_elementor_v24\editor_shell.blade.php"
"public/assets/css/pagebuilder_elementor.css","1","1","18","0","resources\views\pagebuilder_elementor\editor_shell.blade.php","resources\views\pagebuilder_elementor\editor_shell.blade.php"
"public/assets/css/pagebuilder.css","1","1","0","0","resources\views\pagebuilder\pagebuilder.blade.php","resources\views\pagebuilder\pagebuilder.blade.php"
"public/assets/css/phoenix-cms.css","19","19","0","11","resources\views\themes\default\frontend\frontend_layout.blade.php;resources\views\themes\arunika_aurora\frontend\frontend_layout.blade.php;resources\views\themes\default\cms\cms_layout.blade.php","resources\views\themes\default\frontend\frontend_layout.blade.php;resources\views\themes\default\cms\cms_layout.blade.php;resources\views\themes\default\auth\auth_layout.blade.php"
"public/assets/css/theme-responsive-typography.css","13","13","1","16","resources\views\themes\default\cms\cms_layout.blade.php;resources\views\article\private.blade.php;resources\views\article\password-protected.blade.php","resources\views\manage_article\templates\preview.blade.php;resources\views\themes\default\cms\cms_layout.blade.php;resources\views\themes\arunika_aurora\cms\cms_layout.blade.php"
"public/assets/css/themes/arunika_aurora/arunika_aurora.css","1","1","10","4","resources\views\themes\arunika_aurora\cms\cms_layout.blade.php","resources\views\themes\arunika_aurora\cms\cms_layout.blade.php"
"public/assets/css/themes/arunika_aurora/mobile-v2.css","1","4","2","4","resources\views\themes\arunika_aurora\cms\cms_layout.blade.php","resources\views\themes\arunika_prism\cms\cms_layout.blade.php;resources\views\themes\arunika_lucent\cms\cms_layout.blade.php;resources\views\themes\arunika_equinox\cms\cms_layout.blade.php"
"public/assets/css/themes/arunika_equinox/arunika_equinox.css","1","1","3","8","resources\views\themes\arunika_equinox\cms\cms_layout.blade.php","resources\views\themes\arunika_equinox\cms\cms_layout.blade.php"
"public/assets/css/themes/arunika_equinox/mobile-v2.css","1","4","2","2","resources\views\themes\arunika_equinox\cms\cms_layout.blade.php","resources\views\themes\arunika_prism\cms\cms_layout.blade.php;resources\views\themes\arunika_lucent\cms\cms_layout.blade.php;resources\views\themes\arunika_equinox\cms\cms_layout.blade.php"
"public/assets/css/themes/arunika_lucent/arunika_lucent.css","3","3","4","11","resources\views\themes\arunika_lucent\frontend\frontend_layout.blade.php;resources\views\themes\arunika_lucent\cms\cms_layout.blade.php;resources\views\themes\arunika_lucent\auth\auth_layout.blade.php","resources\views\themes\arunika_lucent\frontend\frontend_layout.blade.php;resources\views\themes\arunika_lucent\cms\cms_layout.blade.php;resources\views\themes\arunika_lucent\auth\auth_layout.blade.php"
"public/assets/css/themes/arunika_lucent/mobile-v2.css","1","4","4","5","resources\views\themes\arunika_lucent\cms\cms_layout.blade.php","resources\views\themes\arunika_prism\cms\cms_layout.blade.php;resources\views\themes\arunika_aurora\cms\cms_layout.blade.php;resources\views\themes\arunika_lucent\cms\cms_layout.blade.php"
"public/assets/css/themes/arunika_prism/arunika_prism.css","1","1","6","5","resources\views\themes\arunika_prism\cms\cms_layout.blade.php","resources\views\themes\arunika_prism\cms\cms_layout.blade.php"
"public/assets/css/themes/arunika_prism/mobile-v2.css","1","4","2","5","resources\views\themes\arunika_prism\cms\cms_layout.blade.php","resources\views\themes\arunika_prism\cms\cms_layout.blade.php;resources\views\themes\arunika_lucent\cms\cms_layout.blade.php;resources\views\themes\arunika_equinox\cms\cms_layout.blade.php"
"public/assets/css/themes/calm_green/aruna-admin-v7-calm-green.css","1","1","0","0","resources\views\themes\calm_green\cms\cms_layout.blade.php","resources\views\themes\calm_green\cms\cms_layout.blade.php"
"public/assets/css/themes/calm_green/phoenix-cms-calm-green.css","9","9","0","1","resources\views\themes\calm_green\frontend\frontend_layout.blade.php;resources\views\themes\calm_green\cms\cms_layout.blade.php;resources\views\themes\calm_green\auth\auth_layout.blade.php","resources\views\themes\calm_green\frontend\frontend_layout.blade.php;resources\views\themes\calm_green\cms\cms_layout.blade.php;resources\views\themes\calm_green\auth\auth_layout.blade.php"
"public/assets/css/themes/default/aruna-admin-v7-default.css","1","1","0","0","resources\views\themes\default\cms\cms_layout.blade.php","resources\views\themes\default\cms\cms_layout.blade.php"
"public/assets/css/themes/default/phoenix-cms-default.css","3","3","0","0","resources\views\themes\default\frontend\frontend_layout.blade.php;resources\views\themes\default\cms\cms_layout.blade.php;resources\views\themes\default\auth\auth_layout.blade.php","resources\views\themes\default\frontend\frontend_layout.blade.php;resources\views\themes\default\cms\cms_layout.blade.php;resources\views\themes\default\auth\auth_layout.blade.php"
