"Path","RuntimeHits","LatestRequest","LatestStatus"
"public/assets/css/article/article-frontend-2026.css","730","04/Sep/2026:05:24:55 +0700","200"
"public/assets/css/article/article-template-manager-2026.css","61","04/Sep/2026:05:24:55 +0700","200"
"public/assets/css/aruna-admin-v6.css","0","",""
"public/assets/css/aruna-admin-v7-phoenix-elegant.css","0","",""
"public/assets/css/aruna-admin-v7-simple-part-2.css","0","",""
"public/assets/css/aruna-admin-v7-simple.css","0","",""
"public/assets/css/aruna-admin-v7.css","0","",""
"public/assets/css/aruna-v3.css","0","",""
"public/assets/css/aruna-v4.css","0","",""
"public/assets/css/awesome-admin-header-navigation.css","64","03/Sep/2026:11:27:09 +0700","200"
"public/assets/css/extending-css-bootstrap-5.css","122","25/Aug/2026:22:36:29 +0700","200"
"public/assets/css/frontend_elementor_v23.css","146","29/Aug/2026:22:59:22 +0700","304"
"public/assets/css/frontend_elementor_v24.css","111","30/Aug/2026:19:17:39 +0700","200"
"public/assets/css/frontend_elementor.css","339","27/Aug/2026:21:07:22 +0700","200"
"public/assets/css/frontend-menu-dropdown.css","160","03/Sep/2026:20:52:15 +0700","200"
"public/assets/css/pagebuilder_elementor_v23.css","320","29/Aug/2026:22:59:22 +0700","304"
"public/assets/css/pagebuilder_elementor_v24.css","146","30/Aug/2026:19:17:39 +0700","200"
"public/assets/css/pagebuilder_elementor.css","451","27/Aug/2026:21:07:22 +0700","200"
"public/assets/css/pagebuilder.css","0","",""
"public/assets/css/phoenix-cms.css","1568","04/Sep/2026:23:26:58 +0700","200"
"public/assets/css/theme-responsive-typography.css","1350","04/Sep/2026:23:26:58 +0700","200"
"public/assets/css/themes/arunika_aurora/arunika_aurora.css","271","04/Sep/2026:15:56:16 +0700","200"
"public/assets/css/themes/arunika_aurora/mobile-v2.css","103","04/Sep/2026:15:56:16 +0700","200"
"public/assets/css/themes/arunika_equinox/arunika_equinox.css","137","04/Sep/2026:23:26:58 +0700","200"
"public/assets/css/themes/arunika_equinox/mobile-v2.css","20","04/Sep/2026:23:26:58 +0700","200"
"public/assets/css/themes/arunika_lucent/arunika_lucent.css","345","04/Sep/2026:14:11:45 +0700","200"
"public/assets/css/themes/arunika_lucent/mobile-v2.css","216","04/Sep/2026:14:11:45 +0700","200"
"public/assets/css/themes/arunika_prism/arunika_prism.css","219","04/Sep/2026:22:06:29 +0700","200"
"public/assets/css/themes/arunika_prism/mobile-v2.css","28","04/Sep/2026:22:06:29 +0700","200"
"public/assets/css/themes/calm_green/aruna-admin-v7-calm-green.css","0","",""
"public/assets/css/themes/calm_green/phoenix-cms-calm-green.css","309","04/Sep/2026:22:05:59 +0700","200"
"public/assets/css/themes/default/aruna-admin-v7-default.css","0","",""
"public/assets/css/themes/default/phoenix-cms-default.css","0","",""
